# CADASTRAR ESTADOS NA TABELA DE ESTADOS BRASILEIROS

INSERT INTO MC_ESTADO (SG_ESTADO, NM_ESTADO)
VALUES
('AC', 'ACRE'),
('AL', 'ALAGOAS'),
('AP', 'AMAPÁ'),
('AM', 'AMAZONAS'),
('BA', 'BAHIA'),
('CE', 'CEARÁ'),
('DF', 'DISTRITO FEDERAL'),
('ES', 'ESPÍRITO SANTO').
('GO', 'GOIÁS'),
('MA', 'MARANHÃO'),
('MT', 'MATO GROSSO'),
('MS', 'MATO GROSSO DO SUL'),
('MG', 'MINAS GERAIS'),
('PA', 'PARÁ'),
('PB', 'PARAÍBA'),
('PR', 'PARANÁ'),
('PE', 'PERNAMBUCO'),
('PI', 'PIAUÍ'),
('RJ', 'RIO DE JANEIRO'),
('RN', 'RIO GRANDE DO NORTE'),
('RS', 'RIO GRANDE DO SUL'),
('RO', 'RONDÔNIA'),
('RR', 'RORAIMA'),
('SC', 'SANTA CATARINA'),
('SP', 'SÃO PAULO'),
('SE', 'SERGIPE'),
('TO', 'TOCANTINS');

# ASSOCIAR NO MÍNIMO 2 CIDADES PARA CADA ESTADO (SELECIONAR 5 ESTADOS)

INSERT INTO MC_CIDADE (CD_CIDADE, SG_ESTADO, NM_CIDADE, CD_IBGE, NR_DDD)
VALUES 
(1, 'SP', 'SÃO PAULO', '3550308', '11'),
(2, 'SP', 'CAMPINAS', '3509502', '19'),
(3, 'CE', 'FORTALEZA', '2304400', '85'),
(4, 'CE', 'JUAZEIRO DO NORTE', '2307304', '88'), 
(5, 'RJ', 'RIO DE JANEIRO', '3304557', '21'),
(6, 'RJ', 'ANGRA DOS REIS', '3300100', '24'),
(7, 'MS', 'BONITO', '5002209', '67'),
(8, 'MS', 'CAMPO GRANDE', '5002704', '67'),
(9, 'PR', 'CURITIBA', '4106902', '41'),
(10,'PR', 'CASCAVEL', '4104808', '45');

# ASSOCIAR NO MÍNIMO 1 BAIRRO PARA CADA CIDADE 

INSERT INTO MC_BAIRRO (CD_BAIRRO, CD_CIDADE, NM_BAIRRO, NM_ZONA_BAIRRO)
VALUES
(1, 1, 'VILA MARIANA', 'ZONA SUL'),
(2, 2, 'VILA INDUSTRIAL', 'CENTRO'),
(3, 3, 'ALDEOTA', 'CENTRO'),
(4, 4, 'SALESIANOS', 'CENTRO'),
(5, 5, 'IPANEMA', 'ZONA SUL'),
(6, 6, 'MORRO DO ABEL', 'CENTRO'),
(7, 7, 'FORMOSO', 'ZONA NORTE'),
(8, 8, 'MONTE CASTELO', 'ZONA NORTE'),
(9, 9, 'BOQUEIRÃO', 'ZONA SUL'),
(10, 10, 'CENTRO', 'CENTRO');


